{
  "fov": 192.0, 
  "type": 1, 
  "yaw": 0.008583029732108116, 
  "image_width": 1280, 
  "distort": [
    0.08511724323034286, 
    0.0007205579313449562, 
    0.004378637298941612, 
    -0.0022088424302637577
  ], 
  "camera_x": 0.017539499327540398, 
  "camera_y": -0.9547719955444336, 
  "camera_z": -0.024080699309706688, 
  "image_height": 720, 
  "valid_height": 720, 
  "vcs": {
    "rotation": [
      0.0, 
      0.0, 
      -1.6699999570846558
    ], 
    "translation": [
      1.9500000476837158, 
      -1.0499999523162842, 
      0.0
    ]
  }, 
  "pitch": 0.4973050057888031, 
  "focal_u": 309.6247253417969, 
  "focal_v": 308.9180908203125, 
  "center_v": 366.77117919921875, 
  "roll": 0.025546399876475334, 
  "center_u": 647.9395141601562
}