{
  "fov": 192.0, 
  "type": 1, 
  "yaw": -0.03552430123090744, 
  "image_width": 1280, 
  "distort": [
    0.0815778374671936, 
    0.013930113054811954, 
    -0.005463927984237671, 
    -0.00012437540863174945
  ], 
  "camera_x": 0.015967000275850296, 
  "camera_y": -0.9670519828796387, 
  "camera_z": -0.045895401388406754, 
  "image_height": 720, 
  "valid_height": 720, 
  "vcs": {
    "rotation": [
      0.0, 
      0.0, 
      1.6699999570846558
    ], 
    "translation": [
      1.850000023841858, 
      0.8500000238418579, 
      0.0
    ]
  }, 
  "pitch": 0.50798100233078, 
  "focal_u": 310.86785888671875, 
  "focal_v": 310.1267395019531, 
  "center_v": 367.4842224121094, 
  "roll": -0.012114900164306164, 
  "center_u": 649.3199462890625
}