{
  "fov": 192.0, 
  "type": 1, 
  "yaw": -0.007527200039476156, 
  "image_width": 1280, 
  "distort": [
    0.08122166991233826, 
    0.009133907034993172, 
    -0.0007853506249375641, 
    -0.0012241764925420284
  ], 
  "camera_x": -0.00037952300044707954, 
  "camera_y": -0.7194420099258423, 
  "camera_z": -0.018318399786949158, 
  "image_height": 720, 
  "valid_height": 720, 
  "vcs": {
    "rotation": [
      0.0, 
      0.0, 
      0.0
    ], 
    "translation": [
      3.640000104904175, 
      0.0, 
      0.0
    ]
  }, 
  "pitch": 0.44902199506759644, 
  "focal_u": 311.4770202636719, 
  "focal_v": 310.8092346191406, 
  "center_v": 362.2594909667969, 
  "roll": -0.025089899078011513, 
  "center_u": 636.3161010742188
}