{
  "fov": 192.0, 
  "type": 1, 
  "yaw": -0.039937298744916916, 
  "image_width": 1280, 
  "distort": [
    0.07861397415399551, 
    0.009312333539128304, 
    0.00016157471691258252, 
    -0.0015963842160999775
  ], 
  "camera_x": 0.038937900215387344, 
  "camera_y": -1.0351200103759766, 
  "camera_z": -0.031132299453020096, 
  "image_height": 720, 
  "valid_height": 720, 
  "vcs": {
    "rotation": [
      0.0, 
      0.0, 
      3.140000104904175
    ], 
    "translation": [
      -0.8999999761581421, 
      -0.23000000417232513, 
      0.0
    ]
  }, 
  "pitch": 0.4933820068836212, 
  "focal_u": 312.8927001953125, 
  "focal_v": 312.7918701171875, 
  "center_v": 378.1269836425781, 
  "roll": -0.030761899426579475, 
  "center_u": 640.5269775390625
}